cruzamento,minuto,volume_veiculos,velocidade_media,veiculos_excesso_velocidade,veiculos_aceleracao_brusca,veiculos_risco
No_A_Centro,2026-09-28 17:00:00,18,54.44,10,10,10
No_A_Centro,2026-09-28 17:01:00,26,51.64,10,8,10
No_A_Centro,2026-09-28 17:02:00,26,52.24,12,12,12
No_A_Centro,2026-09-28 17:03:00,19,49.8,7,6,7
No_A_Centro,2026-09-28 17:04:00,19,54.55,7,7,7
No_A_Centro,2026-09-28 17:05:00,4,36.18,0,0,0
No_B_Norte,2026-09-28 17:00:00,17,45.8,3,3,3
No_B_Norte,2026-09-28 17:01:00,16,50.75,5,5,5
No_B_Norte,2026-09-28 17:02:00,20,47.87,7,6,7
No_B_Norte,2026-09-28 17:03:00,31,46.86,8,7,8
No_B_Norte,2026-09-28 17:04:00,28,51.11,10,9,10
No_B_Norte,2026-09-28 17:05:00,2,61.13,1,1,1
No_C_Leste,2026-09-28 17:00:00,25,51.54,10,10,10
No_C_Leste,2026-09-28 17:01:00,27,54.65,13,12,13
No_C_Leste,2026-09-28 17:02:00,23,58.59,12,11,12
No_C_Leste,2026-09-28 17:03:00,19,51.54,8,8,8
No_C_Leste,2026-09-28 17:04:00,22,47.33,6,6,6
No_C_Leste,2026-09-28 17:05:00,3,50.24,1,1,1
